YEAR,density_mean,density_n,density_sd,density_se,density_min,density_max,trophic_group
1999,0.0773948167187574,64,0.18383057618569085,0.022978822023211356,0,0.7789220520082389,Grouper
2000,0.12680639739853725,44,0.2186010977285106,0.03295535545114917,0,0.9334836918806384,Grouper
2004,0.07771450885466029,64,0.15710741771721723,0.019638427214652154,0,0.5906989941426154,Grouper
2006,0.05317741034118907,64,0.11305223181465986,0.014131528976832482,0,0.45990488883503966,Grouper
2008,0.06196362727167183,64,0.13419388442446922,0.016774235553058653,0,0.6231794483194457,Grouper
2010,0.04853442056826425,64,0.09719096332932428,0.012148870416165535,0,0.3674961300062048,Grouper
2012,0.08583903834087954,64,0.1957615589112578,0.024470194863907224,0,0.8637927507610824,Grouper
2014,0.055959023427388274,64,0.12584574996596526,0.015730718745745657,0,0.48285306283952645,Grouper
2016,0.11256374817326752,40,0.221803256459094,0.03507017414265953,0,0.8635685503320006,Grouper
