YEAR,density_mean,density_n,density_sd,density_se,density_min,density_max
1999,0.9397477286151344,27,1.8641671649486744,0.3587591381658595,0,8.772952498778103
2000,1.4324177057663456,27,3.5108154165149643,0.6756567419333342,0,17.98549121964127
2001,1.5154255599173598,27,3.4035413529454126,0.6550118387736856,0,17.274954209290538
2002,1.259744918535294,27,2.159127506757996,0.4155242824138181,0,9.413331776179646
2003,1.222316357888217,27,2.7442120046801177,0.5281238465384895,0,13.926588413957958
2004,0.9316477099222393,27,1.71001458353215,0.3290924600401575,0,8.400026737967915
2005,1.2882862825418193,27,2.4564927242954644,0.4727522452114478,0,11.484630278443666
2006,1.054665334452376,27,1.9127582073036422,0.36811048862714124,0.006434116415225117,8.481090474918101
2007,1.100439790329307,27,2.173246964781868,0.41824157337744955,0.006508619799731599,10.492796660759746
2008,1.3423180205533556,27,2.41147981553579,0.4640895068816458,9.877342642904735e-4,10.96764404872621
2009,1.0832431638328168,27,1.728348732505596,0.3326208686552181,0,6.412199197860963
2010,1.0256887501036198,27,1.5829820553847154,0.3046450385995708,0,5.819961564171123
2011,1.0004795905742883,27,1.4853894750283083,0.2858633377530102,0.00665857640803342,5.226481725059269
2012,1.0300958829583449,27,1.7743481747934822,0.341473465451046,0.0031831320326210387,7.375960443701963
2014,1.14982611506095,27,1.8577300740526335,0.3575203194453171,2.412445411465915e-4,7.691896916805733
2016,1.1672346865321075,27,1.876343632013744,0.3611025003451251,0,7.937223218032334
